{"cameraMode":{"drawMode":0,"name":"Shaded","section":"Shading Mode"},"sceneLighting":false,"audioPlay":false,"sceneViewState":{"showFog":true,"showMaterialUpdate":false,"showSkybox":false,"showFlares":true,"showImageEffects":true,"showParticleSystems":true},"in2DMode":false,"pivot":{"x":0.25019919872283938,"y":0.8514167666435242,"z":-0.07161444425582886},"rotation":{"x":-0.1422891467809677,"y":-0.6427221298217773,"z":0.12315093725919724,"w":-0.742635190486908},"size":2.115551710128784,"orthographic":false}