{"cameraMode":{"drawMode":0,"name":"Shaded","section":"Shading Mode"},"sceneLighting":false,"audioPlay":false,"sceneViewState":{"showFog":true,"showMaterialUpdate":false,"showSkybox":false,"showFlares":true,"showImageEffects":true,"showParticleSystems":true},"in2DMode":false,"pivot":{"x":0.25019919872283938,"y":0.8514167666435242,"z":-0.07161444425582886},"rotation":{"x":-0.007526856381446123,"y":-0.8939729928970337,"z":0.015029205940663815,"w":-0.447820246219635},"size":2.115551710128784,"orthographic":false}